[
  {
    "tip": "Colours appear brighter outside, so choose a warmer outdoor white to match your interior white."
  },
  {
    "tip": "Dark colors can make small rooms feel cozy, but use them sparingly to avoid a cramped look."
  },
  {
    "tip": "Light colors reflect more light, making rooms feel larger and more open."
  },
  {
    "tip": "Test paint samples on your wall—lighting changes how colors look throughout the day."
  },
  {
    "tip": "Cool blues and greens calm a space, perfect for bedrooms or bathrooms."
  },
  {
    "tip": "Warm yellows and oranges energize a room, ideal for kitchens or living areas."
  },
  {
    "tip": "Matte finishes hide imperfections, while glossy finishes highlight details."
  },
  {
    "tip": "Use a primer with bold colors to ensure true color payoff and coverage."
  },
  {
    "tip": "Neutral grays pair well with pops of color in furniture or decor."
  },
  {
    "tip": "Ceilings painted lighter than walls can make a room feel taller."
  },
  {
    "tip": "Darker ceilings can lower the perceived height, creating an intimate atmosphere."
  },
  {
    "tip": "Metallic paints add shimmer but need smooth surfaces to shine best."
  },
  {
    "tip": "Pastels soften a space, great for nurseries or serene retreats."
  },
  {
    "tip": "Accent walls in vibrant hues draw attention—pick a focal point like a fireplace."
  },
  {
    "tip": "Natural light enhances greens, so test them in sunlit rooms."
  },
  {
    "tip": "Red tones stimulate appetite, making them a bold choice for dining rooms."
  },
  {
    "tip": "Mix warm and cool tones in adjacent rooms for a balanced flow."
  },
  {
    "tip": "High-traffic areas benefit from durable, washable paints in darker shades."
  },
  {
    "tip": "Soft beiges warm up north-facing rooms with less natural light."
  },
  {
    "tip": "Bright whites can feel stark—add texture or trim to soften them."
  },
  {
    "tip": "Earthy browns ground a space, pairing well with natural wood tones."
  },
  {
    "tip": "Use color swatches against existing furniture to check harmony before painting."
  },
  {
    "tip": "Glossy finishes on doors or trim contrast beautifully with matte walls."
  }
]
